tooling/cli/wt/	bash tooling/cli/wt/test-wt.sh
tooling/boss/	bash tooling/boss/test-boss.sh
tooling/cli/pp-push/	bash tooling/cli/pp-push/test-pp-push.sh
tooling/cli/pp-work/	bash tooling/cli/pp-work/test-pp-work.sh
tooling/cli/pp-land/	bash tooling/cli/pp-land/test-pp-land.sh
tooling/cli/greenlight/	bash tooling/boss/test-boss.sh
scripts/	bash scripts/check-repo-hygiene.sh
pipelines/video/visuals-flow/	cd pipelines/video/visuals-flow && bash scripts/check.sh
pipelines/video/intro-studio/	cd pipelines/video/intro-studio && bash scripts/check.sh
apps/tutorial-tracker-app/	cd apps/tutorial-tracker-app && npm test
